{"train_loss": [0.07485176711049096, 0.030818565093793947, 0.021037869334063337, 0.017014636465475276, 0.015298035577987394, 0.012618906966950354, 0.012690929547128436, 0.011094441541239505, 0.010493428659860658, 0.010048976734586476, 0.008992718415325137, 0.0080836429602491], "val_loss": [0.0395494901071337, 0.020911983955707435, 0.02601504034104712, 0.016137322416681806, 0.015634242636154524, 0.01639568208081367, 0.009497374740277497, 0.021205226979823435, 0.012015634762316652, 0.014211941422594814, 0.02525558764180646, 0.01462933957746242], "val_accuracy": [0.9856160100062539, 0.9929956222639149, 0.9900562851782364, 0.9934959349593496, 0.9939337085678549, 0.9945590994371483, 0.9966854283927454, 0.9933083176985616, 0.9956222639149468, 0.9956848030018761, 0.9909318323952471, 0.9951844903064415]}