epoch,Loss/Train,Loss/Validation,Metrics/Accuracy,Metrics/Precision,Metrics/Recall,Metrics/F1_Score,Metrics/AUC,Learning_Rate
1,0.01418212428689,0.0072297295555472,0.9974984526634216,0.9977474808692932,0.9972482919692992,0.9974977970123292,0.9999703764915466,9.999999747378752e-05
2,0.0099223731085658,0.007731020450592,0.9970606565475464,0.9974962472915648,0.9966228604316713,0.997059404850006,0.9999535083770752,9.999999747378752e-05
3,0.0087094902992248,0.0067366119474172,0.997560977935791,0.9968773126602172,0.9982489347457886,0.9975626468658448,0.9999759197235109,9.999999747378752e-05
4,0.0072113508358597,0.0059345918707549,0.9979987740516664,0.9981233477592468,0.9978736639022828,0.9979984760284424,0.9999834895133972,
5,0.0075584650039672,0.0158499628305435,0.9949968457221984,0.997485876083374,0.99249529838562,0.9949843287467957,0.99987131357193,
6,0.0084040900692343,0.0216594710946083,0.9940587878227234,0.9991154670715332,0.9889931082725524,0.9940285086631776,0.9998881220817566,
