{"train_loss": [0.03610679457794695, 0.03235958179644192, 0.030034191619891386, 0.0261775680868336, 0.02274024917955526, 0.022164006814450313, 0.019366053162970284, 0.018323823163813542, 0.017430454596651112, 0.014454333655090025, 0.014412839656370722], "val_loss": [0.04536551672375858, 0.05630801174920134, 0.04503731170320899, 0.06173946248976662, 0.051586728574378446, 0.04459003912409613, 0.04688232608059138, 0.06103763932046516, 0.046919245181140434, 0.0729233132391059, 0.05843167220774672], "val_accuracy": [0.9832395247029393, 0.9792995622263915, 0.9841776110068793, 0.9797373358348969, 0.9821763602251408, 0.9858036272670418, 0.9843652282676673, 0.9790494058786742, 0.9844277673545966, 0.9786116322701689, 0.9833020637898686]}