{"train_loss": [0.005872190292817474, 0.004823997558602086, 0.005186139929069262, 0.004258362918756838, 0.0030975426610496903, 0.0037702238232123703, 0.0035697966604448963, 0.00321589421729983, 0.0026802318692911178, 0.002723223192104995, 0.0024185879186537466, 0.0018195217941786787, 0.0025645641929695263], "val_loss": [0.013352856358630524, 0.011045879394031061, 0.009753621763987232, 0.010813650400413485, 0.01207395988137732, 0.008155449618106587, 0.009273183229817551, 0.007846735182200125, 0.012209273941165414, 0.013968164889780726, 0.01075173232501566, 0.009377831621644489, 0.00986011458366849], "val_accuracy": [0.9955597248280175, 0.9961851156973108, 0.9966854283927454, 0.9969355847404628, 0.9964352720450281, 0.9973108192620388, 0.9970606629143215, 0.9973733583489681, 0.9960600375234522, 0.9957473420888056, 0.9974984365228268, 0.9971232020012508, 0.9968730456535334]}