{"train_loss": [0.0032005510769020275, 0.003398099186119609, 0.003338278229842708, 0.0030566535096704485, 0.003005144294783781, 0.0016043906062804467, 0.0025843737543907374, 0.0025776402672783526, 0.0022100468264632275, 0.0011479210884484806, 0.002639357071339555, 0.001544037521148155], "val_loss": [0.013317337859015997, 0.009969400299133924, 0.008334344689136968, 0.009147016865602634, 0.008920824816690074, 0.009231001593733327, 0.012458563177311838, 0.008100108522223669, 0.009733343068834083, 0.015665426886853514, 0.011246565824110323, 0.010672766369871516], "val_accuracy": [0.9959349593495935, 0.9971857410881801, 0.9970606629143215, 0.9969981238273922, 0.9974358974358974, 0.9973733583489681, 0.9965603502188868, 0.9978736710444027, 0.9970606629143215, 0.9968730456535334, 0.9968105065666041, 0.9974984365228268]}