{"train_loss": [0.05427595852507864, 0.01579599789187389, 0.014682254471523154, 0.009718624687913206, 0.009180460364682008, 0.008368616978095258, 0.007303763287883585, 0.0066989401423349325, 0.006001752266631793, 0.006329507116268603, 0.005286585326211366, 0.0064688015168817324, 0.005690209467760203], "val_loss": [0.013691173173920232, 0.018725727468743143, 0.012844638608160638, 0.015152771791237626, 0.009982787890660007, 0.014253191862763078, 0.007711286398894968, 0.005448224956236414, 0.008802399311664148, 0.005930706774259094, 0.008531409346968706, 0.013842197741315973, 0.010763357930711398], "val_accuracy": [0.9958098811757349, 0.9938086303939963, 0.9952470293933708, 0.9947467166979362, 0.9970606629143215, 0.9958724202626642, 0.99812382739212, 0.9979987492182614, 0.9974358974358974, 0.9976235146966854, 0.9971232020012508, 0.9957473420888056, 0.9966854283927454]}