{"train_loss": [0.1485488781729961, 0.07691439197278158, 0.05956472141960586, 0.04988414449261978, 0.04336384468353129, 0.03898943124596423, 0.03505506558032745, 0.03239153895669531, 0.029166442671472708, 0.028607679515951234, 0.026834303588085716, 0.02590505959803333, 0.026019350393006044, 0.02346188890409328, 0.02198109119839901, 0.021819157793353767, 0.02044458792794186, 0.019583954433243653, 0.01824053952054268, 0.018624363156328802], "val_loss": [0.047546954826685396, 0.05269457170456704, 0.044910302005703555, 0.05740883887370931, 0.03525135864324872, 0.03444188288254273, 0.038889171135436516, 0.031160911351881787, 0.037590715320625946, 0.030966609711522906, 0.046393912182357847, 0.03080978008427467, 0.029735492341589648, 0.03141540081098704, 0.06404153154533894, 0.03132632917295291, 0.029015053613156518, 0.04357436748164437, 0.028266216703300935, 0.038095411385894125], "val_accuracy": [0.9851156973108193, 0.9804252657911194, 0.9830519074421513, 0.9787992495309569, 0.9872420262664166, 0.9890556597873671, 0.9870544090056285, 0.989430894308943, 0.9875547217010632, 0.9896185115697311, 0.9846153846153847, 0.9891807379612257, 0.9879924953095685, 0.9893058161350844, 0.9787367104440275, 0.9889305816135084, 0.9901813633520951, 0.9860537836147593, 0.9898686679174484, 0.9876172607879925]}