{"train_loss": [0.043434490322914694, 0.03494475592218842, 0.03390220881243463, 0.029136334335780337, 0.026527355978898954, 0.024254073720057556, 0.02347802263343115], "val_loss": [0.042947754455340666, 0.053644096907270455, 0.032374507738355214, 0.09063741828270112, 0.12547473574238943, 0.05486814275141071, 0.0479503554541599], "val_accuracy": [0.9844277673545966, 0.9799874921826142, 0.9880550343964978, 0.9666666666666667, 0.9622263914946841, 0.981863664790494, 0.9834271419637274]}